-10.23,-13.131,-11.498,-14.45,-10.206,-9.2346,-11.778,-10.891
-17.332,-16.876,-16.004,-17.548,-21.069,-22.239,-16.98,-20.755
91.906,105.95,97.195,84.543,89.459,97.57,91.247,105.98
54.783,43.442,43.428,46.606,39.859,54.817,41.381,51.997
83.775,90.903,54.619,73.932,59.636,77.737,83.217,83.827
-10.656,-14.948,-11.277,-10.38,-14.781,-12.547,-11.046,-10.837
-7.2425,-6.2031,-4.8822,-8.6443,-5.6862,-1.4531,-7.1965,1.9765
27.509,32.986,33.722,29.638,35.169,28.634,35.728,26.988
20.567,26.734,28.238,29.185,20.027,29.429,42.099,36.158
40.224,40.745,45.02,32.012,29.534,32.826,32.945,29.281
-6.4704,-13.291,-10.274,-14.123,-9.249,-9.3383,-8.7405,-9.9955
41.151,26.253,54.799,56.415,45.193,48.142,55.166,41.89
-14.541,-10.881,-9.6873,-14.443,-8.8593,-8.9133,-6.5988,-11.98
-15.283,-16.524,-14.617,-20.955,-22.41,-13.635,-17.874,-16.174
-21.121,-16.497,-22.265,-22.151,-21.07,-25.544,-21.282,-18.44
-12.656,-11.204,-8.2059,-11.473,-11.834,-9.8724,-12.552,-10.528
28.36,27.868,24.913,22.082,15.774,20.398,31.237,26.649
35.749,35.925,39.447,37.343,41.301,27.996,20.856,31.49
36.937,31.001,34.49,30.307,25.896,32.242,36.694,33.565
2.9038,0.36963,2.6031,4.5854,4.3592,5.9067,4.6856,4.3921
-16.547,-17.069,-12.819,-21.271,-22.831,-19.566,-11.683,-24.345
15.18,13.152,12.071,6.6829,11.657,15.852,18.178,9.7318
13.535,19.99,32.944,39.502,21.705,31.447,23.091,38.582
14.275,12.588,14.037,11.539,7.7281,12.983,20.32,13.754
30.79,34.206,28.362,26.499,27.01,29.213,26.939,30.157
-8.4021,-11.251,-10.181,-12.69,-13.756,-12.719,-11.285,-11.015
-23.478,-16.12,-12.097,-15.137,-14.884,-12.855,-19.777,-16.703
14.357,14.101,12.175,9.2118,13.568,13.565,12.79,10.707
-10.272,-14.316,-10.443,-13.767,-10,-14.208,-10.366,-12.085
19.699,23.493,23.668,30.959,18.877,18.721,40.715,46.714
29.167,35.233,29.335,30.311,37.86,35.627,28.461,32.887
12.338,4.3406,8.7021,17.051,9.2313,13.107,10.977,17.796
6.8103,9.7632,7.4507,12.362,10.327,9.8689,8.3733,10.172
36.418,28.303,30.831,34.319,32.735,39.761,41.165,25.559
-3.3719,-4.8411,-10.939,-10.452,-14.763,-11.737,-10.921,-19.685
44.177,53.417,45.177,55.654,44.791,39.118,54.481,43.446
40.38,35.455,24.579,33.927,36.967,29.186,28.331,35.568
0.44761,0.81501,1.8296,3.6656,0.28054,-0.25489,1.4651,1.9058
48.732,46.708,49.964,54.103,70.132,54.737,40.153,51.971
-23.762,-16.138,-24.246,-21.491,-21.04,-22.951,-27.475,-28.184
0.56691,2.1954,1.9837,4.6939,0.63556,1.5589,3.0841,-0.95035
-11,-10.483,-12.578,-11.358,-12.644,-9.6337,-8.9655,-11.536
43.103,38.126,37.595,31.118,36.559,33.501,32.045,39.09
74.1,90.978,76.708,81.536,96.188,93.726,63.771,61.729
-19.837,-14.491,-18.77,-14.802,-17.69,-15.464,-20.699,-15.518
31.973,41.788,32.109,34.312,30.549,15.066,26.883,33.32
-14.041,-10.296,-11.324,-10.724,-13.204,-10.618,-14.07,-9.0006
97.688,49.23,99.28,90.627,63.709,93.053,81.023,96.167
37.787,29.74,34.125,36.752,40.25,38.439,37.881,33.391
-12.096,-11.781,-9.0218,-12.455,-14.246,-9.9772,-14.303,-10.045
74.662,55.623,52.694,75.008,88.176,49.467,78.727,96.171
-11.574,-9.9448,-11.312,-9.1411,-8.6696,-14.025,-11.007,-12.613
87.143,67.188,78.915,72.166,57.085,70.944,67.595,84.135
-9.1524,-11.343,-7.8044,-10.985,-7.9162,-7.5219,-12.026,-8.4305
71.567,98.415,69.939,82.985,69.289,75.436,81.795,70.929
99.814,104.85,84.384,90.226,96.14,97.077,97.53,98.382
65.509,79.571,47.035,51.132,73.174,62.787,80.766,59.948
-23.902,-17.667,-26.309,-23.92,-23.438,-15.957,-26.019,-25.358
-9.2389,-7.1271,-9.9504,-6.5257,-11.289,-13.917,-9.3872,-10.644
-11.424,-10.263,-12.755,-11.697,-11.601,-11.293,-14.139,-12.133
8.8659,11.569,8.7339,10.758,9.7352,6.5472,11.242,12.043
-8.0398,-10.016,-4.0828,-5.2685,-1.089,-5.1706,-12.434,-5.7342
-7.5901,-15.459,-10.862,-10.995,-5.4573,-14.64,-6.6809,-7.6892
-3.0968,-4.9926,2.1801,-7.4659,-4.0269,1.6491,-4.0272,-0.45897
-20.41,-17.722,-16.336,-17.425,-18.399,-13.234,-17.28,-18.395
42.216,38.518,32.899,37.865,46.566,30.858,33.509,39.732
-17.176,-15.772,-16.726,-17.16,-9.5536,-9.6649,-9.2033,-15.243
104.6,67.492,97.418,69.833,102.54,90.122,88.702,94.148
-17.994,-14.266,-24.586,-17.846,-19.378,-23.25,-18.251,-24.61
-15.417,-11.619,-11.388,-10.342,-4.087,-12.603,-8.2688,-9.4394
10.24,8.8117,9.3025,9.1892,13.283,12.489,9.3322,11.375
9.8773,9.6574,8.1905,12.055,8.2449,8.249,13.552,11.202
10.168,10.956,9.4232,10.335,8.3527,12.175,8.8143,8.6846
117.09,56.497,71.903,74.935,66.046,76.587,78.594,57.643
-9.394,-6.197,-10.793,-7.5425,-13.713,-10.142,-13.178,-12.912
-13.902,-8.3586,-12.085,-11.06,-9.4144,-11.408,-12.636,-8.1645
37.552,40.798,37.262,36.641,36.809,42.182,34.595,33.613
37.678,37.069,33.045,39.363,32.038,26.171,32.544,35.936
94.378,99.528,90.374,107.18,96.799,86.633,85.501,96.511
-11.819,-22.47,-20.1,-13.989,-16.695,-19.199,-13.811,-18.36
41.299,38.968,36.093,37.702,41.253,38.566,34.302,35.33
31.971,30.507,24.657,35.816,30.173,35.63,37.426,28.388
-4.5332,-2.0761,-5.8083,1.9226,-8.6896,-3.4846,-4.2349,-6.1508
-6.8958,-5.5021,-4.0881,-5.3449,-3.9038,-7.2111,-1.9661,-8.499
-8.6731,-11.382,-6.2583,-12.215,-11.503,-8.8788,-15.581,-6.3443
-20.9,-22.078,-20.487,-20.814,-21.325,-23.126,-20.962,-24.49
-23.739,-14.859,-26.04,-19.295,-26.125,-20.233,-21.248,-19.647
28.247,24.303,32.282,27.687,25.266,33.076,31.238,29.667
-21.917,-23.443,-17.768,-18.716,-17.901,-18.242,-22.28,-21.115
59.021,67.032,43.183,60.776,68.837,51.212,64.57,81.457
89.172,78.841,65.753,83.335,67.745,60.35,55.617,65.187
12.147,9.5267,13.43,5.0296,12.176,14.152,6.6375,12.215
-18.773,-19.157,-22.103,-21.058,-22.126,-20.811,-22.748,-21.315
27.204,34.232,35.583,27.159,37.508,43.935,28.137,22.675
10.054,11.203,17.208,9.451,12.446,8.1985,15.059,13.599
-4.3804,-9.8585,-2.1395,-2.7144,-5.9385,-2.873,-8.2752,-2.4987
-25.001,-21.743,-18.133,-29.061,-18.342,-28.544,-26.763,-16.164
38.999,36.572,36.263,29.793,41.438,37.712,38.259,35.66
9.6076,12.422,10.202,10.25,11.654,11.1,10.177,8.6075
55.717,54.078,43.521,40.816,53.508,60.158,43.615,50.743
-2.2015,-3.5935,-3.5852,-6.3874,-11.27,-7.127,-9.1343,-0.30938
1.9754,5.4368,7.4257,1.7136,1.0668,2.7955,1.3996,-2.1556
87.163,81.888,63.945,65.659,98.822,91.833,95.305,92.211
-28.108,-20.465,-22.674,-26.911,-20.527,-22.523,-25.656,-19.009
48.264,41.767,49.393,51.705,43.17,31.838,53.237,57.058
44.113,37.798,49.031,35.101,36.487,30.658,41.833,37.922
-6.7891,-9.081,-3.3901,-5.5407,-3.9095,-7.3238,-1.8862,-3.441
-27.005,-19.33,-21.532,-13.902,-28.303,-16.881,-19.951,-26.268
36.243,30.834,34.974,38.933,35.803,39.49,29.848,41.023
12.638,12.833,12.269,15.953,11.587,11.713,13.33,6.1846
73.903,115.98,90.456,62.439,81.287,87.101,72.644,74.145
37.645,40.089,36.633,32.921,32.916,39.213,33.988,33.975
-21.476,-20.301,-13.271,-22.095,-15.163,-11.984,-16.13,-15.382
10.823,14.857,12.465,15.094,11.098,13.593,11.284,12.426
6.6984,8.299,8.9532,11.328,10.837,10.432,11.512,9.7435
-11.134,-11.63,-11.713,-10.552,-12.508,-10.699,-11.146,-13.234
-3.8517,1.3466,3.218,-9.3313,-5.5239,-0.83629,-6.1986,-3.1097
-18.169,-11.776,-11.262,-20.878,-12.758,-17.811,-20.327,-16.93
-15.376,-18.994,-18.23,-18.294,-16.396,-20.252,-16.842,-16.313
8.6182,7.7379,6.3092,11.929,13.748,14.525,10.068,16.881
27.602,37.407,31.855,41.889,32.927,19.652,37.941,24.48
11.837,12.374,9.784,5.5922,9.4126,12.107,9.4601,11.43
-5.2349,-3.0497,-5.3984,-8.4824,-4.0179,-3.0963,-5.2389,2.4778
-17.851,-5.5025,-7.6513,-10.417,-6.7777,-7.4809,-9.0701,-3.5686
-10.871,-12.113,-10.402,-13.214,-8.6807,-10.796,-9.2569,-11.693
91.513,91.238,102.36,99.959,87.35,97.515,74.794,89.482
41.18,34.6,34.359,30.082,34.644,41.365,38.643,25.47
34.454,34.665,21.923,21.212,36.821,17.457,29.65,37.808
-17.839,-23.632,-19.827,-17.601,-21.786,-19.329,-17.563,-19.817
0.88413,-1.049,2.4558,1.3806,1.5324,0.78745,1.8875,-1.4734
97.81,90.977,87.102,86.582,82.867,107.85,84.41,92.673
-10.731,-12.694,-14.297,-5.7927,-5.8007,-12.889,-13.079,-9.443
-11.113,-11.062,-13.168,-12.62,-9.9479,-10.778,-10.528,-10.851
5.6438,0.083174,-0.039312,-5.1039,0.41977,1.2947,3.9718,5.1935
37.408,28.994,29.768,31.734,38.632,27.336,33.386,29.279
-0.87042,-1.3782,-0.27321,1.6427,-0.42556,-1.5214,-0.21648,-1.0081
1.5467,-0.218,0.94065,3.64,3.221,3.6062,4.8602,2.7537
10.753,8.3382,7.4681,12.45,11.869,10.697,10.253,8.9184
-21.907,-22.281,-20.917,-21.661,-18.003,-22.158,-22.792,-23.388
26.709,24.3,36.676,38.186,25.147,39.418,40.885,31.419
-18.781,-16.153,-20.009,-18.837,-18.671,-20.082,-21.866,-23.392
-9.9156,-18.051,-17.481,-19.782,-16.123,-18.797,-14.587,-15.506
36.929,38.254,37.21,26.171,33.906,34.285,39.062,35.859
67.251,45.9,58.532,55.402,60.869,66.44,45.168,53.19
10.096,16.176,11.817,15.998,8.5995,13.833,12.736,7.678
71.036,75.931,83.886,67.051,90.632,90.604,53.646,110.88
8.6696,3.24,1.8362,2.8457,1.4208,0.79285,3.9249,2.7069
-27.897,-20.812,-24.85,-22.649,-28.954,-19.165,-18.836,-17.168
34.647,38.513,41.621,30.403,30.316,35.886,39.021,29.236
3.2249,2.1491,1.5675,3.331,-1.3447,0.45831,3.6355,5.4629
-16.985,-18.449,-17.513,-14.218,-14.617,-18.418,-17.801,-19.879
-5.8168,0.28999,-3.0613,-4.5274,-5.8906,-4.4955,-7.0012,-3.3442
38.911,37.893,29.022,33.527,40.716,39.322,31.499,46.517
28.856,25.137,18.174,39.779,14.835,40.381,20.528,11.683
8.4017,11.284,10.311,9.3904,7.861,8.9173,8.2879,9.7646
55.689,43.711,38.334,47.95,37.33,35.309,62.781,53.513
21.37,28.325,29.907,34.661,31.533,17.413,28.431,24.982
40.074,37.275,32.74,43.295,45.174,37.603,35.762,40.411
14.346,28.581,27.879,22.49,35.305,36.83,29.073,38.491
4.023,-1.5645,-3.1671,1.8859,0.019576,2.7817,4.6557,0.63591
-14.511,-12.599,-8.7868,-12.497,-13.677,-14.478,-10.921,-11.317
8.9935,14.53,13.208,7.3253,15.103,15.367,9.6291,16.027
61.385,75.583,69.315,47.05,66.988,84.099,68.905,84.09
34.907,25.107,32.499,38.624,36.106,40.397,39.513,31.534
-28.328,-23.559,-24.016,-20.188,-18.717,-23.658,-23.914,-20.355
-16.507,-14.645,-19.668,-22.451,-23.779,-29.53,-28.502,-27.47
7.6754,26.324,28.593,37.565,18.525,15.518,43.987,26.566
-20.082,-24.001,-25.457,-21.8,-22.293,-24.882,-19.732,-22.807
3.5074,0.86372,1.0499,4.3469,1.0178,1.8631,7.0108,6.1059
-21.843,-21.823,-22.964,-18.278,-22.112,-18.836,-22.069,-20.601
78.119,58.423,51.6,56.739,45.788,66.906,67.463,78.293
-18.503,-14.772,-18.048,-16.112,-11.925,-11.697,-15.637,-19.408
17.76,36.033,31.396,27.879,31.381,23.004,23.431,36.035
22.049,25.543,25.083,27.708,30.347,32.843,35.528,32.273
53.674,45.973,52.369,48.606,73.571,67.221,62.471,57.45
31.638,26.664,39.435,32.456,31.79,16.597,27.761,12.216
35.394,42.159,42.781,39.589,35.488,43.572,36.176,34.799
40.259,33.924,40.706,34.328,33.435,34.352,39.833,46.728
-3.9998,-8.7717,-2.912,-1.3344,-2.0583,-4.6686,-5.6983,-3.8279
37.48,33.574,33.02,37.246,39.002,39.533,32.784,37.742
11.834,8.8519,10.897,10.37,9.3971,10.601,11.754,9.0177
-8.3911,-11.864,-10.263,-8.8928,-14.197,-10.289,-5.1222,-11.768
106.63,99.599,98.872,95.908,100.44,98.189,95.66,104.2
-23.794,-20.975,-22.176,-16.066,-19.79,-19.39,-19.798,-19.359
56.305,45.928,52.29,59.181,67.968,42.556,71.271,62.66
-2.1887,-3.6865,-5.2302,-4.2491,-3.1321,-5.8048,-4.5329,-5.9755
41.281,30.702,30.723,33.641,38.392,45.091,33.373,42.333
-20.827,-18.564,-19.207,-19.004,-23.285,-19.167,-21.37,-22.289
-15.571,-11.944,-7.1724,-11.538,-15.672,-14.487,-12.603,-10.804
-14.138,-28.859,-22.293,-19.774,-17.277,-20.712,-21.936,-8.3129
49.624,49.292,64.506,36.571,50.27,52.171,55.657,46.583
-19.775,-23.251,-16.29,-19.624,-21.914,-21.693,-23.525,-22.241
2.5503,4.0768,1.5977,3.0584,1.2829,0.7446,0.84494,-3.3007
40.589,34.796,32.421,42.258,41.987,34.481,37.616,40.861
36.011,41.801,36.461,38.127,31.721,39.388,30.064,33.219
93.782,90.429,96.018,96.735,82.523,91.703,106.12,100.52
77.523,104.15,84.332,93.061,68.791,83.661,99.067,80.973
10.311,7.6177,12.122,11.78,9.047,11.485,9.7584,9.5327
35.545,42.206,52.146,29.495,36.073,31.166,42.353,34.169
71.464,59.18,78.274,71.09,69.152,75.457,89.186,79.573
-12.917,-10.774,-12.34,-11.455,-10.429,-8.7965,-12.113,-10.645
36.847,33.571,36.877,31.468,35.98,36.452,34.762,33.181
72.792,59.3,67.352,43.809,41.648,57.765,50.598,38.58
-20.761,-14.054,-18.12,-11.362,-14.331,-16.124,-17.03,-20.087
34.413,33.83,32.781,39.511,36.962,27.836,25.702,42.499
14.259,11.585,7.6825,8.9676,15.315,9.2648,11.283,11.536
72.637,76.418,47.34,50.183,74.699,74.152,67.243,72.627
10.403,10.073,10.468,9.7271,11.264,9.2028,10.566,7.0555
84.201,79.959,60.363,86.595,100.37,83.033,71.088,86.568
25.323,45.523,34.75,31.572,36.046,20.768,32.657,29.998
37.793,41.65,43.874,57.5,54.741,59.115,43.514,36.228
61.35,56.047,78.155,43.147,41.037,45.269,50.19,37.506
-32.364,-20.681,-20.6,-27.075,-22.067,-23.807,-19.51,-17.6
12.46,9.2221,8.8552,18.127,11.032,5.1827,9.1044,10.374
10.016,9.1685,8.8283,11.974,9.7491,6.6912,9.4394,9.6179
-11.264,-8.4664,-14.575,-11.796,-10.427,-8.9438,-12.999,-9.8613
34.333,39.418,28.733,31.678,32.234,28.787,33.705,37.572
6.9412,11.916,9.4171,9.2965,10.994,11.295,10.13,9.6049
-12.31,-11.327,-12.188,-14.015,-12.609,-10.813,-8.9503,-10.403
-17.631,-21.202,-21.218,-22.635,-20.975,-19.742,-23.311,-19.014
-9.4418,-10.84,-6.8364,-6.4236,-8.1801,-11.516,-9.1073,-12.056
3.1536,0.65877,5.4364,1.6291,0.035485,-0.88924,3.0191,2.7336
-23.485,-19.39,-18.808,-21.777,-20.66,-17.38,-20.476,-20.081
8.9728,9.846,10.688,14.221,10.291,16.277,10.513,9.3779
-19.184,-23.293,-18.788,-23.076,-22.533,-23.299,-20.636,-19.07
-18.937,-18.208,-23.025,-28.2,-14.4,-11.38,-5.7131,-21.113
100.29,107.07,94.993,95.926,83.311,100.5,104.9,94.793
-15.614,-15.288,-24.91,-24.098,-24.995,-17.938,-14.551,-18.361
13.935,10.16,14.308,11.444,10.629,17.241,10.461,9.2815
-21.455,-21.224,-18.742,-21.953,-19.814,-20.348,-21.81,-21.368
43.002,37.161,35.512,36.385,36.08,32.135,35.541,39.959
10.126,11.477,9.8089,11.373,9.7309,9.8454,10.458,11.043
0.90111,2.2095,0.11638,2.0703,-0.23563,2.0914,4.5383,1.5436
37.863,40.802,24.897,30.061,32.177,17.823,27.661,33.722
-18.281,-15.424,-11.81,-21.915,-16.283,-19.696,-17.37,-12.265
72.304,57.152,69.611,88.111,104.61,102.1,86.486,70.988
36.891,46.871,37.483,35.499,29.583,40.342,38.66,37.098
35.186,30.829,33.815,21.485,24.12,39.381,37.387,29.555
-15.049,-11.516,-6.4357,-3.4553,-7.5854,-10.526,-11.386,-7.5631
3.9429,0.35985,-0.029453,-1.243,3.6951,-0.84934,1.8615,0.017052
69.334,79.01,87.728,57.779,72.698,68.294,74.58,69.187
91.876,93.258,90.035,96.854,98.63,100.26,101.83,96.813
40.053,36.158,41.172,38.495,39.33,37.022,34.164,32.677
8.0246,13.621,6.2011,11.642,14.313,14.087,11.372,13.591
68.246,62.183,59.529,64.996,66.445,62.476,52.639,57.226
90.083,105.95,99.283,105.68,107.56,101.61,105.3,89.205
72.461,88.625,85.08,88.21,84.093,118.19,100.93,85.476
-12.24,-11.863,-10.335,-11.436,-11.431,-12.401,-11.021,-9.5301
36.164,43.323,41.93,35.013,30.977,38.525,40.433,31.846
74.264,65.976,82.532,69.271,47.9,63.55,99.546,102.42
84.24,75.24,70.954,69.484,96.093,67.722,66.106,95.957
-23.687,-12.85,-20.407,-32.826,-15.255,-14.038,-16.709,-20.56
12.619,9.1828,6.2611,8.3608,12.912,11.925,11.735,10.162
75.166,80.364,77.627,87.824,78.798,78.7,78.773,89.971
10.518,11.621,8.9289,10.073,10.403,9.1996,10.317,10.021
99.29,89.422,94.705,78.203,91.692,105.38,105.21,92.912
81.194,78.991,48.321,54.949,81.291,59.922,80.347,93.317
33.47,36.273,39.368,38.524,29.224,34.566,36.281,36.3
-10.477,-10.993,-9.0201,-8.9783,-10.786,-11.709,-10.815,-9.4425
42.022,33.801,37.793,36.838,31.426,25.267,28.882,31.621
3.4825,2.8931,1.863,2.7516,3.4439,-0.0038735,3.1979,4.4839
82.762,61.817,58.35,63.696,77.169,58.634,79.293,61.151
1.3437,1.888,2.5836,0.077808,0.72527,1.329,1.4627,1.491
0.35078,-0.15177,0.76054,0.12936,2.853,-0.85713,0.97335,3.0552
56.225,51.222,45.517,54.655,57.665,71.876,75.042,60.651
1.6311,1.0459,-1.8194,5.0666,-0.94062,-0.9974,1.2103,1.8632
13.564,29.602,30.88,23.272,49.957,22.615,40.173,24.77
-11.626,-10.15,-13.461,-10.861,-11.647,-14.521,-9.7552,-12.401
46.461,29.227,38.847,33.838,34.899,31.931,41.233,35.008
-3.319,-6.2899,-6.387,-3.9177,-4.1998,-6.6777,-3.486,-3.086
33.193,48.875,25.564,29.048,28.552,32.994,28.85,37.936
55.656,67.612,56.238,60.138,66.816,69.762,76.781,80.559
82.081,81.768,88.782,85.766,90.137,74.49,68.597,90.239
-16.319,-22.982,-20.732,-21.957,-18.221,-21.143,-22.341,-23.127
28.593,27.072,20.639,29.777,53.712,14.106,27.046,25.406
27.973,29.175,34.649,24.639,37.271,36.405,31.517,30.26
-17.81,-5.9803,-10.592,-14.992,-19.266,-19.682,-20.098,-19.708
-18.443,-26.508,-21.597,-20.286,-18.717,-17.058,-23.181,-20.763
59.306,56.55,59.82,63.742,53.814,58.144,68.952,64.588
113.83,104.53,98.456,88.327,101.35,89.415,90.847,96.805
36.443,34.19,34.983,41.182,43.259,40.089,36.641,34.592
25.88,30.95,33.106,36.382,38.36,43.853,32.37,26.844
34.834,38.572,37.526,46.025,36.868,42.921,34.821,33.534
0.16228,0.37443,-0.6662,4.4889,0.98276,1.8988,0.60655,3.5651
-26.722,-16.77,-25.633,-23.739,-22.99,-27.454,-32.091,-22.787
-19.522,-23.838,-25.918,-19.8,-20.868,-21.563,-18.963,-22.722
-19.032,-20.027,-19.351,-13.757,-17.852,-20.184,-26.286,-24.793
-2.5855,-8.0842,-15.066,-0.12741,-15.734,-11.593,-12.995,-12.109
65.486,89.931,55.111,70.603,48.791,60.049,90.656,72.8
-10.838,-11.756,-8.4919,-12.266,-9.233,-11.205,-11.835,-10.711
-21.014,-16.626,-19.264,-22.517,-17.872,-19.35,-23.583,-22.622
1.6021,1.3152,0.63883,1.6728,2.3803,0.3216,-1.0377,-0.14466
-22.622,-25.248,-24.395,-21.228,-28.03,-21.137,-14.174,-23.92
-22.141,-20.382,-18.456,-19.104,-20.594,-21.682,-21.228,-19.435
21.241,28.957,24.895,27.886,32.579,26.125,24.882,22.972
16.317,11.219,9.7291,5.9761,15.032,17.169,10.713,13.615
35.734,39.656,35.487,33.953,38.626,42.307,30.862,35.98
8.2854,8.7672,9.8102,9.1021,11.151,9.6496,9.934,9.9538
13.025,4.2462,11.529,13.409,10.04,12.283,15.023,6.7641
37.143,38.592,35.261,36.179,37.946,41.608,24.893,36.58
44.208,55.818,51.569,47.843,58.678,64.468,49.875,48.552
-15.946,-18.785,-15.116,-14.937,-12.644,-20.143,-13.614,-16.199
98.443,104.84,82.717,102.7,99.942,109.52,113.71,89.095
-12.575,-11.254,-9.9946,-11.189,-12.596,-11.017,-10.75,-11.906
-25.201,-21.152,-4.6422,-24.709,-18.907,-19.729,-25.336,-23.352
-0.5718,1.7121,3.3488,3.7302,2.6778,0.56388,2.9973,-0.10875
76.505,94.379,89.038,94.269,79.195,90.778,99.776,68.825
8.321,9.3324,8.9013,11.001,9.0664,13.229,8.5265,11.524
10.092,11.817,8.904,17.719,11.51,9.2971,14.963,6.0914
64.247,30.856,47.876,86.922,76.569,97.724,70.439,60.889
-13.133,-17.742,-13.178,-21.834,-14.527,-18.625,-20.595,-22.103
38.036,29.118,30.84,37.343,37.922,32.064,28.305,38.552
0.8495,3.0978,5.8245,1.5398,4.769,1.7111,2.2016,1.3477
-19.036,-19.407,-18.981,-19.262,-18.005,-19.245,-17.182,-18.229
32.354,29.016,36.126,18.413,33.877,31.016,33.759,32.86
-0.37888,0.037065,5.0623,-0.0040096,0.98161,2.6157,1.0392,1.1439
32.048,36.461,38.713,40.482,26.664,35.22,25.789,16.67
36.255,39.387,38.756,41.921,37.811,35.669,33.876,36.214
92.508,94.316,110.95,89.717,92.341,108.11,100.66,87.523
-10.692,-11.257,-11.778,-14.162,-8.5353,-11.198,-11.002,-11.876
30.152,26.111,27.394,28.813,31.959,34.56,33.27,39.352
47.357,39.309,49.087,37.716,61.216,50.512,55.135,46.573
93.762,91.638,92.91,104.56,96.424,84.613,82.479,105.91
97.894,80.659,105.47,105.48,96.264,90.44,94.503,113.61
35.839,34.478,31.294,42.299,30.299,39.353,34.845,36.022
-9.2906,-12.192,-11.386,-8.3041,-12.784,-15.037,-8.666,-9.509
-26.008,-19.836,-27.925,-23.567,-15.119,-7.0988,-23.664,-27.207
39.873,37.859,39.011,40.9,33.301,43.804,33.4,30.511
-10.031,-14.272,-13.048,-10.398,-14.099,-6.4432,-23.034,-17.969
27.05,29.115,36.167,32.176,37.933,30.506,40.055,35.811
-28.186,-14.771,-16.709,-19.966,-17.963,-28.489,-22.676,-21.697
-22.336,-29.319,-15.228,-21.051,-18.97,-22.69,-24.621,-16.961
58.477,70.905,41.43,75.269,76.749,71.121,77.671,87.938
10.416,12.86,12.49,14.687,16.188,10.41,11.221,11.803
9.0437,10.313,8.9378,12.358,13.271,15.572,10.5,13.392
-15.66,-21.897,-15.403,-11.271,-22.545,-14.803,-18.165,-13.076
2.6843,3.1237,2.2025,6.3151,-1.4706,2.0404,-2.3837,4.6743
89.402,102.93,102.77,104.04,104.05,93.362,87.878,87.231
6.898,4.2725,18.259,9.4186,9.6935,9.4625,14.008,9.723
9.5952,10.705,11.142,9.7952,9.8823,12.816,10.679,8.9726
80.503,72.724,70.259,78.716,68.672,62.158,66.965,60.207
44.132,29.228,36.412,39.307,37.215,28.816,27.237,38.063
-22.565,-25.708,-19.639,-25.03,-20.689,-19.441,-27.554,-19.613
30.312,25.133,32.291,26.106,31.319,34.248,26.383,29.49
5.5864,1.185,2.2905,4.6734,4.7124,0.37456,6.4579,3.7537
34.401,19.423,38.367,25.613,29.158,16.936,33.416,26.275
35.38,30.857,34.64,31.2,22.696,21.306,43.064,27.43
52.668,45.611,47.536,48.812,56.205,34.917,47.376,36.379
48.569,51.882,75.974,50.409,57.639,53.457,61.411,74.44
71.648,82.805,82.844,60.616,68.083,54.155,69.067,82.908
54.662,51.179,57.232,54.243,77.692,64.149,80.903,63.86
23.982,26.6,28.431,15.565,24.674,26.022,17.505,22.526
-19.726,-23.9,-14.574,-18.689,-19.514,-26.864,-19.161,-24.56
-17.646,-29.004,-31.676,-15.231,-26.227,-17.706,-14.091,-22.572
-18.474,-18.855,-25.471,-22.493,-18.623,-19.866,-21.044,-21.12
117.65,70.754,67.818,78.388,94.277,69.905,84.96,69.675
89.504,80.534,74.531,89.595,68.575,74.746,55.108,78.758
13.248,12.023,13.789,11.2,10.464,13.52,13.468,10.844
17.047,35.93,30.012,25.782,22.6,32.481,44.898,24.006
-23.064,-20.095,-19.685,-18.714,-19.142,-19.412,-21.58,-22.524
-19.268,-19.785,-20.973,-15.164,-18.296,-20.678,-19.5,-13.988
-21.77,-20.573,-22.175,-19.166,-20.507,-22.173,-18.68,-21.095
-12.308,-13.717,-12.416,-11.884,-10.931,-8.9104,-10.449,-10.158
37.564,37.571,39.769,33.572,40.045,38.176,36.99,37.484
41.981,38.103,22.468,30.409,29.77,31.373,35.138,38.508
-21.878,-23.891,-13.819,-23.11,-12.011,-23.701,-23.624,-23.595
-25.678,-25.387,-26.094,-16.289,-22.395,-19.181,-16.691,-20.828
93.96,105.72,103.95,86.434,90.308,86.37,89.814,88.259
-11.391,-13.059,-11.577,-11.122,-9.1381,-10.049,-13.094,-11.046
31.714,40.946,27.264,32.533,34.252,30.127,36.123,27.382
-8.5395,-4.4662,-12.739,-2.1832,-4.236,-6.6036,-5.1515,-12.995
54.005,44.491,48.087,40.208,47.481,57.375,39.741,45.069
36.293,35.457,34.233,43.914,32.44,34.904,38.901,33.61
15.771,17.26,11.71,11.424,14.119,13.694,14.249,10.026
-13.318,-20.076,-22.933,-19.533,-18.707,-21.198,-13.59,-25.458
-17.779,-28.945,-24.614,-22.234,-19.126,-32.854,-20.167,-20.035
85.372,90.007,77.804,73.844,57.739,74.922,70.572,66.971
35.54,45.307,38.279,36.426,34.441,32.913,42.366,39.082
-21.742,-19.719,-21.71,-21.261,-19.161,-19.056,-19.061,-19.121
31.145,37.188,35.39,31.669,34.721,40.434,24.472,27.819
85.764,78.633,74.134,83.669,78.813,64.428,93.926,82.425
16.616,34.174,28.891,35.392,36.294,33.66,30.771,34.487
-23.814,-25.887,-27.669,-21.767,-17.99,-21.374,-23.185,-17.256
-19.309,-20.718,-19.066,-21.571,-18.096,-21.923,-20.215,-22.193
-9.3795,-23.87,-27.159,-17.674,-24.108,-26.141,-17.936,-16.355
-17.275,-18.254,-14.773,-16.494,-25.324,-17.168,-18.085,-20.679
-0.089857,1.3991,0.42531,1.1239,4.2927,1.9028,2.421,-2.2895
-5.05,-3.0749,-2.6143,-5.5961,-4.8082,-3.9207,-2.1825,-5.7489
29.976,39.047,40.834,29.038,29.967,34.597,28.07,29.694
88.549,85.41,104.46,98.479,91.331,99.743,90.434,93.897
-7.3618,-6.2848,-4.6901,0.34264,-0.033244,-8.8474,0.37221,-0.99082
1.9606,-1.8086,-0.030589,3.2422,3.1995,2.8815,4.5079,2.3712
-19.542,-19.881,-20.111,-18.931,-18.857,-25.76,-18.67,-20.877
15.277,10.525,10.354,11.371,12.309,13.447,13.522,15.388
10.591,7.904,12.047,9.6332,9.8783,11.278,8.461,8.8154
-23.192,-18.665,-18.591,-22.497,-22.573,-17.278,-16.049,-25.068
-7.6823,-14.936,-7.8311,-9.7952,-12.929,-12.781,-9.3884,-14.395
38.186,28.83,39.091,35.351,35.126,32.44,31.04,34.619
-18.987,-19.149,-21.977,-23.596,-23.593,-17.669,-20.593,-20.844
51.143,84.5,78.579,87.621,53.749,74.985,77.361,84.114
-1.8551,-1.7821,1.7738,-3.3504,-7.051,-7.1745,-0.95336,-1.1031
4.3701,-2.4685,-2.4014,2.5814,0.34141,1.2946,-4.0461,3.8997
39.062,32.407,28.462,51.724,36.39,32.994,28.398,43.507
6.4583,-0.24509,2.7066,-1.4715,3.8131,1.7509,-0.6825,-0.58227
-6.5696,-14.061,-13.206,-9.8728,-12.076,-10.95,-11.961,-12.517
60.619,80.13,66.45,65.317,82.403,55.704,76.254,42.745
32.832,36.531,39.647,40.986,37.91,35.028,35.667,39.57
5.5092,-3.4236,1.5858,1.788,-0.35971,3.0658,-1.5332,4.0021
36.637,36.703,39.054,40.445,42.934,33.468,34.698,36.657
16.419,10.659,12.733,12.906,7.574,7.1565,12.059,6.3889
-11.835,-11.885,-10.66,-10.589,-12.99,-12.905,-11.852,-11.852
44.267,41.706,39.564,37.046,38.369,40.466,35.327,33.59
44.893,47.958,52.835,46.601,54.813,47.468,50.011,42.458
-24.508,-20.158,-21.076,-20.53,-20.881,-20.341,-18.257,-21.214
12.158,9.1952,14.212,12.256,10.47,10.036,11.432,5.8396
14.787,11.537,8.9546,13.559,7.1078,11.465,8.2109,14.733
34.892,30.363,29.862,36.723,39.614,33.576,35.775,39.395
58.196,53.187,49.493,39.767,53.988,42.906,46.599,41.867
88.433,88.727,93.059,101.33,95.759,95.465,94.085,90.514
-0.6225,5.7455,6.8373,-1.9735,2.331,4.5484,2.5796,1.7262
-24.351,-19.08,-18.846,-17.013,-23.457,-22.047,-22.025,-20.587
94.612,102.28,103.02,88.235,100.94,103.99,93.458,101.72
-27.145,-10.864,-16.985,-15.728,-18.233,-18.8,-30.343,-32.886
-2.8727,-9.418,-1.5928,-0.44902,-2.5034,-6.1893,-3.9422,-4.3445
-21.009,-28.862,-18.062,-17.353,-15.089,-20.164,-23.697,-14.752
-10.481,-13.533,-9.0176,-13.113,-14.4,-11.377,-13.147,-12.639
-3.8591,-2.7522,-2.1665,-2.3826,-7.3216,-1.4336,-4.0648,-0.059081
-9.9491,-12.623,-10.61,-12.672,-9.6947,-9.6634,-11.059,-10.279
35.446,25.952,26.705,23.207,19.598,40.407,22.846,23.479
5.3215,0.41208,-0.45759,3.7432,-1.0573,4.0151,3.8613,-2.3696
35.059,24.064,30.773,35.491,35.204,40.355,28.999,30.984
106.37,94.401,97.091,86.011,94.676,107.64,89.171,96.438
112.25,78.683,80.671,68.337,78.989,75.082,94.233,67.764
57.373,34.196,33.29,35.226,48.337,45.19,43.818,51.285
34.236,29.884,35.965,31.556,30.428,33.314,39.551,31.551
-18.617,-25.887,-24.328,-21.384,-22.213,-18.464,-20.184,-19.684
5.9703,3.3476,12.726,15.624,11.793,8.0488,9.0665,8.6479
6.0759,13.147,13.063,25.044,12.43,8.3202,8.5937,19.755
90.003,97.597,94.65,92.792,92.209,71.929,102.19,103.44
32.628,21.461,49.168,25.159,31.654,38.746,21.501,38.864
-5.572,-1.7444,-7.9694,-2.1331,-4.3394,-5.4124,-2.5751,-2.7444
39.755,15.654,38.148,20.419,32.474,36.85,24.152,29.954
-0.69309,0.60814,0.21573,0.46194,2.4502,-1.1503,2.1955,-2.281
-14.344,-12.582,-11.129,-12.79,-11.058,-12.439,-12.539,-12.117
2.2094,0.8994,1.9782,0.088032,1.966,3.4925,2.2313,1.7887
1.7697,-2.4197,-1.4853,0.27145,-0.31835,0.5063,2.2054,1.42
-11.396,-14.095,-10.832,-12.538,-9.876,-13.133,-12.587,-11.265
34.038,34.263,36.361,33.665,32.973,46.565,31.905,39.016
-19.263,-23.476,-20.184,-19.654,-17.772,-17.803,-24.87,-21.961
3.1265,0.28899,1.9015,-1.4851,1.8727,2.898,-0.96017,-1.4455
-8.3575,-8.5345,-5.8256,-11.728,-14.171,-13.258,-11.6,-16.311
61.344,56.746,111.18,70.711,77.315,86.737,104.55,54.176
-6.009,-7.3041,-6.1326,-3.3634,-2.0814,-1.0395,-2.3989,-6.0131
38.085,24.767,43.769,37.837,42.115,28.003,34.251,39.275
2.9737,0.84849,2.9982,0.28859,0.82779,0.47481,-1.9528,0.20602
44.828,48.125,52.53,38.486,40.672,53.554,62.106,51.437
-18.837,-16.439,-18.036,-10.213,-14.629,-17.291,-18.571,-18.551
-9.7829,-13.285,-12.052,-12.428,-11.077,-8.334,-12.063,-12.488
12.225,10.236,8.9132,9.1308,9.4808,9.5079,10.693,9.1534
-11.116,-9.904,-10.69,-10.402,-10.981,-11.385,-10.474,-11.953
75.815,91.224,85.365,96.417,82.106,95.842,80.473,78.653
-24.313,-24.151,-20.849,-15.685,-24.162,-22.523,-29.081,-25.791
-26.06,-21.958,-22.375,-22.04,-20.792,-22.68,-22.717,-22.358
47.957,39.367,54.296,47.079,55.687,58.329,46.808,50.129
2.9748,3.3726,2.0248,3.2982,2.4658,2.6291,3.0656,2.7164
-18.094,-14.816,-13.274,-17.906,-15.554,-17.907,-19.053,-21.711
35.692,30.204,24.437,32.726,29.587,38.433,30.292,30.531
-24.8,-22.242,-18.839,-15.274,-15.577,-20.857,-28.359,-22.966
7.3161,11.56,13.389,12.702,13.583,13.149,8.0008,13.726
-24.152,-17.992,-18.296,-24.585,-20.108,-18.259,-22.37,-24.238
30.509,22.844,29.538,37.96,27.136,25.728,30.852,32.149
35.4,30.299,34.882,28.188,35.691,27.923,28.773,34.454
10.036,7.118,10.868,11.192,10.919,10.115,10.239,9.2112
-12.237,-11.898,-10.112,-6.5359,-11.305,-8.7212,-8.3558,-13.255
-22.111,-22.885,-25.188,-18.556,-21.723,-18.723,-17.914,-18.318
2.5963,5.6223,1.3498,0.77783,1.3007,0.39897,5.1547,1.1045
-0.49782,3.0945,4.3766,3.5279,0.85289,-0.85934,3.149,1.2878
-11.324,-12.029,-9.2508,-9.6696,-11.96,-10.532,-10.094,-13.27
-26.367,-17.822,-26.868,-22.522,-14.964,-24.733,-18.294,-17.488
8.5021,14.069,14.972,12.119,11.415,14.75,7.8553,12.088
87.789,76.106,75.131,95.302,42.942,76.436,74.079,95.308
-0.033723,-1.8904,-4.9841,-0.61676,-0.79988,-6.6844,-5.7365,-0.66891
-20.351,-12.423,-20.32,-18.215,-14.884,-15.123,-16.036,-16.851
49.314,58.035,56.236,45.816,40.884,42.14,49.81,43.565
67.343,53.284,54.765,63.121,52.196,59.403,54.758,66.312
15.534,9.2469,16.755,10.503,12.269,10.803,15.299,11.094
13.277,10.959,10.392,8.3767,13.123,13.54,14.4,13.55
35.314,37.892,27.361,37.498,42.438,36.149,34.774,33.435
99.528,96.752,82.17,95.054,108.72,103.62,120.92,97.988
-20.922,-14.587,-25.101,-20.673,-23.22,-18.491,-21.129,-8.7567
-13.07,-13.489,-11.019,-14.281,-11.038,-10.568,-10.586,-13.245
57.49,69.988,98.051,69.03,70.474,71.763,83.137,64.482
28.513,25.029,21.033,33.522,37.658,43.425,28.356,28.024
-19.554,-20.657,-16.268,-31.036,-24.445,-23.444,-23.649,-23.256
-20.856,-17.703,-18.673,-12.69,-17.752,-12.971,-12.693,-16.942
-13.315,-20.712,-22.429,-18.016,-18.987,-22.53,-16.607,-19.485
-10.171,-13.155,-13.953,-10.931,-2.8564,-12.277,-13.479,-12.34
-12.467,-11.685,-9.3506,-12.143,-10.364,-7.4661,-8.3503,-9.869
7.0467,9.2014,10.162,8.2423,11.42,9.3478,9.0399,9.8157
35.294,41.071,31.793,36.36,43.606,21.768,21.014,37.247
-14.912,-18.525,-16.78,-18.93,-19.596,-24.8,-10.47,-18.318
64.539,71.026,82.372,77.4,64.572,74.849,61.001,48.228
-18.523,-20.049,-13.738,-15.166,-15.107,-18.267,-20.587,-20.334
10.921,10.061,12.209,11.299,10.217,12.666,12.212,8.799
27.907,29.457,25.373,26.891,29.488,31.765,27.573,31.468
100.83,94.724,93.128,91.748,109.92,85.9,100.48,103.14
58.04,52.392,71.954,63.964,53.007,58.418,60.482,52.389
101.94,82.414,95.43,85.372,106.39,87.148,97.516,90.065
8.7483,10.126,9.7734,8.9202,7.7881,9.8237,13.314,10.373
31.31,30.775,31.324,27.845,27.087,28.123,29.871,27.93
30.285,45.102,31.39,30.93,36.967,28.34,24.52,31.562
18.493,28.147,29.755,28.456,37.334,34.725,26.734,33.926
10.615,10.761,11.272,10.62,11.486,11.647,9.3434,10.783
25.226,30.98,37.07,37.629,30.559,18.559,27.769,36.537
58.788,39.234,43.647,46.975,56.93,38.27,56.839,40.845
71.953,69.798,73.986,53.193,78.153,99.028,52.425,79.559
24.747,31.721,25.672,23.665,28.952,26.342,32.761,35.063
97.624,99.463,92.704,90.752,91.916,102.62,102.64,89.143
-13.072,-12.866,-11.088,-11.861,-10.627,-11.145,-12.018,-9.5652
63.075,49.938,60.631,81.143,47.492,62.345,70.69,50.119
71.173,61.479,33.111,50.494,50.512,60.044,80.302,65.325
35.48,33.012,22.488,28.457,37.488,33.853,28.565,23.718
12.558,15.364,9.1302,16.636,9.1738,9.3684,16.306,10.224
83.196,61.971,80.2,65.216,95.78,56.906,63.219,71.71
-21.431,-15.738,-12.892,-23.091,-20.485,-10.662,-12.815,-15.071
-22.919,-25.059,-13.532,-19.084,-23.741,-24.088,-13.056,-16.349
4.1081,6.2988,1.3097,4.4066,0.43897,-1.1548,-0.59598,3.5964
0.82038,-0.80052,0.28482,1.2627,-1.5846,-1.0198,2.8991,1.2336
60.056,62.24,45.307,52.382,59.967,44.74,49.337,49.71
35.533,28.582,35.419,27.025,31.218,20.327,35.402,35.36
-11.631,-12.007,-12.423,-11.132,-11.173,-11.428,-11.685,-12.177
14.428,13.147,15.389,12.026,10.991,11.188,4.0282,11.165
10.206,8.8706,11.515,12.934,10.582,9.8303,9.1358,10.351
84.164,54.755,82.597,67.7,70.253,67.703,73.383,73.955
40.497,34.659,36.769,38.832,33.906,33.339,31.763,43.199
-24.338,-18.312,-11.532,-23.099,-13.649,-13.013,-21.085,-27.501
-26.701,-23.823,-16.091,-12.961,-26.919,-18.223,-17.423,-19.106
13.306,14.078,9.0597,11.319,10.201,6.718,14.931,9.68
9.1225,9.4013,8.2182,10.433,9.592,10.858,12.588,8.4654
-10.636,-12.456,-10.004,-9.813,-11.357,-11.696,-13.023,-9.8666
-3.2382,-3.0192,-1.6863,-0.87982,-0.87371,-2.9456,-1.3558,-2.9117
12.84,6.1651,15.774,11.372,10.946,18.498,12.487,9.4533
3.5888,3.2381,2.2179,-0.22415,-1.1723,2.2882,0.5828,1.3568
92.865,98.036,93.405,112.44,87.019,95.043,101.64,107.26
5.1027,1.5902,2.2222,2.7649,2.9093,6.406,4.5433,0.45079
52.673,69.49,66.57,43.201,34.402,51.136,53.414,60.157
51.786,60.737,62.933,67.367,70.004,45.84,57.618,84.233
36.247,15.382,30.814,21.347,23.592,24.123,37.822,37.036
-20.416,-22.329,-22.776,-22.431,-22.247,-20.394,-24.03,-17.748
-21.499,-19.339,-18.777,-20.35,-20.364,-19.565,-20.052,-21.836
2.3227,0.088872,2.3339,1.3103,0.4512,-1.0399,4.511,-0.29903
2.2771,-1.7206,2.469,3.6125,0.30725,4.4344,2.8169,1.6425
69.199,50.333,53.297,67.676,59.013,50.726,64.523,59.757
34.763,36.624,42.995,39.318,33.7,38.201,36.354,37.298
-20.203,-17.135,-19.96,-18.763,-22.904,-19.977,-20.842,-20.721
92.866,91.485,65.157,71.081,80.684,60.601,74.545,59.08
37.576,36.596,36.749,37.991,31.432,41.583,40.165,37.427
-10.005,-10.594,-11.277,-12.12,-9.8847,-10.435,-9.8202,-11.363
40.185,39.53,49.615,44.054,51.031,44.544,56.239,54.594
89.69,93.248,94.951,99.02,93.057,108.28,98.26,83.13
9.1427,12.561,15.734,12.682,13.943,9.9474,8.0583,9.6705
65.64,73.667,44.232,70.724,52.409,34.933,54.748,63.426
92.574,66.694,69.132,83.063,70.679,60.944,98.136,71.514
54.16,37.79,50.325,51.352,57.66,46.195,53.357,57.459
83.991,98.842,90.328,95.092,92.173,90.062,106.29,97.164
63.573,68.919,84.397,74.154,92.33,74.917,73.93,60.261
9.9077,11.855,8.1518,9.8537,10.487,10.032,10.934,12.716
87.63,99.734,122.42,93.504,98.606,99.631,96.338,89.823
-19.319,-20.108,-25.748,-20.103,-13.9,-26.56,-31.799,-16.857
30.292,24.097,36.092,32.503,32.822,29.797,33.936,31.28
-20.224,-22.351,-19.976,-20.703,-18.163,-21.658,-21.15,-20.196
14.766,12.013,11.456,11.231,17.893,19.546,7.0299,5.4478
43.285,35.125,25.196,37.191,37.748,38.426,33.456,36.501
8.7082,11.914,10.537,9.9207,9.7652,5.0616,9.6492,10.444
-19.282,-15.152,-19.374,-12.324,-10.491,-15.955,-8.8433,-15.596
107.6,53.198,76.497,90.049,74.848,90.392,85.212,88.139
98.521,72.085,59.352,64.705,60.229,81.723,72.6,81.237
-11.181,-13.873,-17.022,-11.026,-15.949,-21.37,-24.636,-8.9095
3.0084,0.98471,0.57144,-1.9162,-2.3135,3.4516,1.7484,-0.76684
-13.923,-18.556,-15.236,-14.486,-12.117,-15.06,-17.407,-11.796
77.313,70.485,82.193,51.575,72.416,63.724,47.563,48.409
11.073,3.2362,13.441,15.199,11.634,13.028,12.218,13.472
93.794,95.392,91.142,97.496,111.74,95.472,96.743,103.28
-3.342,-7.1422,-4.6268,-2.3161,-7.2946,-7.0211,-5.1906,-3.4399
77.956,76.421,78.099,84.043,56.923,54.995,52.298,62.304
10.866,14.204,10.873,13.807,13.55,15.582,11.493,9.2891
80.309,72.507,78.993,80.577,73.041,94.765,73.727,83.924
8.5704,17.356,14.592,9.7194,7.7196,10.569,15.725,6.4617
8.6052,10.138,10.413,9.032,11.358,10.27,10.208,10.281
9.6897,7.5384,11.32,9.93,9.7222,11.697,8.6466,6.9602
-9.5159,-11.606,-11.008,-9.1646,-7.5606,-10.68,-8.6432,-11.553
2.2474,1.4473,3.646,5.0593,1.4549,4.1941,-1.1183,3.1606
-1.2331,-4.2698,-1.2682,-6.3499,-3.1779,-1.798,-1.364,1.2514
34.239,33.837,27.934,26.287,37.552,27.909,29.549,32.347
-22.776,-22.349,-15.394,-25.429,-14.134,-28.08,-16.792,-24.096
8.5628,9.7426,8.8539,12.112,10.261,9.7545,7.9245,10.931
18.47,13.181,18.98,9.8843,10.065,22.355,15.199,14.828
9.3833,8.982,11.249,8.3726,9.7666,6.9143,8.4213,9.8555
34.736,38.156,42.989,38.175,32.105,37.573,35.478,37.266
100.69,84.429,92.322,77.421,106.24,104.93,101,108.56
-10.171,-8.2756,-11.031,-10.651,-11.513,-12.437,-10.655,-10.129
9.342,12.979,9.8405,10.37,16.16,9.9976,17.934,18.704
-10.291,-5.8744,-12.967,-14.744,-8.9171,-9.0148,-9.0803,-6.172
36.604,42.584,37.515,39.741,38.54,44.918,34.117,40.55
12.785,14.061,13.582,11.804,14.815,13.172,12.006,10.559
3.4427,1.7624,-1.5303,5.4046,2.8203,4.6704,3.5104,1.4963
39.322,32.659,33.793,27.182,31.682,29.362,41.385,30.638
26.897,39.299,32.312,31.625,39.643,28.548,26.711,32.29
-10.712,-12.754,-13.087,-11.701,-10.59,-12.469,-16.653,-12.501
36.464,36.25,34.314,36.461,37.144,35.823,35.242,37.932
31.115,33.929,31.039,32.47,38.118,25.425,26.483,27.509
-21.974,-19.883,-20.775,-16.059,-18.369,-17.131,-16.984,-19.91
-19.953,-20.326,-19,-21.922,-21.025,-17.925,-19.411,-21.961
91.725,83.188,71.646,78.829,69.593,79.819,90.475,84.356
67.397,60.794,56.088,43.954,59.593,68.02,44.88,42.034
20.296,9.6709,8.7945,13.957,14.037,6.6194,11.914,13.549
9.8335,6.9415,12.652,12.298,11.877,10.263,12.598,14.541
51.881,50.477,61.481,70.959,69.123,64.2,69.496,41.74
-22.767,-19.612,-17.004,-23.891,-22.653,-25.395,-22.221,-26.691
35.269,35.525,35.375,33.822,35.498,37.343,28.556,35.51
4.1873,0.65413,4.024,5.4256,1.6224,0.91287,-0.67638,1.4579
51.365,44.282,75.032,47.412,57.064,61.749,57.18,80.286
0.49228,0.46243,-0.0017463,3.0871,1.8085,-1.7702,3.2309,-1.7792
34.412,29.441,25.573,44.248,37.89,43.119,34.427,37.112
-17.84,-17.348,-21.175,-23.062,-20.001,-22.783,-17.085,-19.887
39.729,33.381,31.751,30.203,37.539,37.061,40.158,44.131
1.1819,-0.7406,-2.1183,-0.85605,2.8506,-0.29162,0.86025,2.2631
-5.4716,-11.403,-5.1958,-1.3941,-1.7009,-7.3428,-7.2112,-2.6503
-24.835,-20.23,-22.347,-20.818,-18.281,-19.747,-23.026,-23.126
-31.049,-12.49,-18.796,-24.203,-19.17,-25.589,-25.666,-25.506
2.4627,0.5109,0.056562,-0.11492,4.052,3.2952,1.4499,-0.068857
-11.761,-11.74,-10.543,-11.495,-7.6646,-11.437,-13.435,-13.274
-11.377,-10.258,-10.003,-10.637,-12.481,-8.1495,-9.3129,-9.4718
43.735,47.29,49.395,57.201,53.419,61.722,39.976,46.048
9.351,12.328,9.6811,12.922,8.0712,9.514,12.232,14.142
-20.656,-17.204,-18.208,-21.941,-17.333,-17.881,-18.129,-19.59
-14.072,-12.933,-14.333,-9.1008,-11.17,-13.051,-5.9844,-8.7469
-1.1345,-3.6406,-7.1276,-2.2525,-8.102,-3.8274,-3.308,-7.8704
56.009,37.176,38.312,59.937,49.5,38.519,38.096,45.982
14.983,11.807,15.125,6.8591,14.538,14.007,14.518,8.5369
2.9144,-2.0776,5.1625,2.2934,5.7485,4.9854,3.3422,1.2293
-2.2436,-2.2272,-10.072,-5.9918,-1.1271,-3.2178,-5.3517,-3.1134
49.644,30.156,24.447,27.728,36.526,27.066,35.553,33.528
-9.7957,-10.973,-11.996,-12.208,-10.993,-4.4884,-10.415,-15.249
11.934,9.547,8.745,9.0518,9.476,16.902,9.858,9.9421
27.99,37.028,31.187,30.176,34.707,40.498,36.767,42.489
-15.607,-24.338,-19.883,-19.715,-17.872,-21.888,-18.857,-19.862
11.496,15.073,10.497,13.941,12.362,15.145,11.431,18.135
91.253,99.822,71.472,91.965,94.254,98.788,109.81,91.609
44.065,32.486,35.711,36.154,37.212,36.587,29.208,36.95
102.78,65.66,58.64,85.81,66.323,54.013,74.448,70.833
-12.458,-9.5938,-4.1761,-8.7304,-12.597,-12.896,-8.509,-13.088
38.365,37.486,33.036,35.009,44.15,36.214,34.869,34.341
-17.861,-21.78,-20.687,-20.805,-20.994,-20.296,-18.286,-19.001
91.562,93.905,89.573,92.153,80.095,84.121,85.996,61.201
53.486,53.906,52.726,44.45,40.933,54.187,53.491,48.671
3.0132,-0.1261,0.99113,1.3121,0.90658,0.6894,1.0832,1.5116
-9.9439,-19.487,-21.383,-13.196,-12.623,-13,-12.935,-17.683
9.5187,10.685,12.788,8.219,8.7314,9.0475,9.5668,8.414
29.997,26.813,25.93,11.798,17.733,34.55,31.409,28.605
32.91,35.187,30.067,25.714,38.239,30.775,33.02,37.519
30.895,29.965,40.672,41.515,32.727,45.327,41.258,36.297
-15.903,-19.771,-17.82,-17.138,-24.232,-22.199,-23.885,-18.72
-21.731,-13.885,-20.734,-19.391,-26,-24.442,-23.979,-26.111
10,14.562,16.661,8.6005,4.6876,10.981,12.461,9.7437
3.1849,2.1929,1.9625,1.9621,-0.39499,-0.050716,1.9224,-0.52131
11.169,9.5931,8.6324,8.4351,7.4256,8.1382,9.3146,9.9125
35.674,32.076,34.104,26.133,28.824,32.828,26.003,27.413
3.8715,2.1276,1.8514,3.5396,1.7087,1.8307,0.82007,-1.6817
35.392,27.653,35.92,41.659,36.803,37.687,37.413,46.991
-13.655,-20.909,-21.567,-19.531,-10.786,-20.992,-13.053,-23.316
78.477,98.968,84.692,85.732,107.18,84.318,89.336,74.725
-22.173,-22.229,-20.516,-20.549,-23.028,-18.036,-20.034,-17.37
-20.082,-20.307,-21.719,-20.888,-18.215,-19.072,-20.565,-18.603
-22.157,-14.344,-10.082,-10.543,-21.384,-18.857,-15.087,-18.638
-20.902,-15.334,-20.336,-25.927,-10.838,-20.385,-22.157,-26.032
-12.063,-26.869,-21.171,-32.75,-26.352,-35.753,-16.664,-26.101
-12.311,-10.77,-15.201,-13.073,-14.18,-10.845,-10.394,-7.0805
10.809,10.528,7.6449,9.6978,12.36,12.789,12.73,8.3908
99.331,103.62,99.105,87.58,88.176,97.748,88.77,85.865
14.934,28.449,20.723,29.741,21.893,28.946,35.958,29.803
79.619,81.812,76.983,75.929,78.003,76.673,78.498,44.182
36.692,41.249,42.865,33.188,36.458,36.104,41.171,39.866
9.7621,8.217,11.58,8.818,6.7981,6.8739,10.169,10.9
53.687,48.384,50.491,43.746,58.337,52.272,56.701,49.635
-6.671,-1.6821,-4.4212,-4.5571,-3.7816,-4.1765,-5.016,-3.9837
82.475,64.544,54.364,65.524,57.984,62.147,64.557,47.922
41.951,41.95,42.265,37.728,39.225,33.556,34.596,34.701
11.054,11.732,10.042,9.85,10.526,10.257,9.2946,11.572
55.434,51.639,62.766,64.33,68.286,99.471,66.856,84.113
-12.38,-12.506,-10.499,-9.2326,-12.189,-11.41,-14.472,-13.013
-10.528,-10.705,-10.76,-9.8307,-10.02,-13.003,-13.614,-11.617
1.1027,1.2921,1.7275,0.16218,-1.5621,-1.0333,0.24212,-2.1474
35.909,31.852,38.306,40.99,34.644,33.606,40.247,34.332
1.0976,0.20394,2.6841,2.4409,-0.92999,1.0729,1.6914,2.9007
53.703,44.664,64.214,62.324,76.956,37.261,58.386,32.082
12.356,15.901,14.748,13.905,10.236,13.672,12.984,13.654
4.1243,8.4339,-0.58112,2.2923,0.88479,-0.86375,4.2059,-0.80204
-8.0995,-15.912,-14.305,-11.432,-15.343,-16.827,-6.2901,-18.996
42.736,36.109,41.53,38.007,34.824,30.73,38.912,41.09
33.741,33.765,33.677,32.829,41.682,34.56,29.834,26.496
8.8871,11.903,15.602,14.373,13.825,8.6017,18.418,16.406
8.3201,4.8921,10.307,9.1866,6.3276,17.01,9.5422,10.163
77.747,93.618,90.936,66.251,76.657,100.43,72.024,111.44
49.241,44.548,52.758,50.451,44.499,52.599,59.292,54.598
-8.0685,-4.6249,-0.52889,1.3695,-5.9406,-10.764,-2.0875,-5.4361
34.708,34.76,30.762,35.626,34.073,32.697,34.178,40.904
37.317,36.517,34.515,41.907,44.804,37.286,36.619,36.357
7.607,9.183,11.516,11.251,8.2306,12.374,10.623,10.694
78.905,66.931,61.715,74.366,80.794,98.261,72.066,94.193
-11.345,-11.997,-11.448,-10.31,-10.279,-11.734,-12.388,-9.6403
-10.374,-15.552,-10.529,-10.374,-5.9747,-12.619,-9.9475,-14.09
31.09,24.538,34.133,36.178,28.382,19.745,25.34,32.723
-10.93,-11.078,-10.766,-11.501,-12.148,-11.827,-14.503,-5.9386
28.377,17.856,31.786,16.579,19.744,29.153,29.995,38.265
-13.558,-14.088,-11.237,-8.8856,-17.109,-10.141,-11.25,-15.683
-7.3053,-8.7323,-15.12,-9.4808,-11.763,-9.7053,-17.3,-10.585
100.73,111.19,71.476,88.705,114.03,82.945,46.442,100.59
32.805,37.821,31.022,39.631,35.139,35.684,35.597,32.79
-7.4257,-2.5956,-6.9459,-7.432,-10.749,-9.1661,-3.4891,-12.317
36.827,35.408,27.621,35.933,34.417,40.344,37.772,28.298
31.451,41.082,38.941,39.379,35.403,38.237,39.391,45.334
41.851,31.319,33.626,44.522,39.039,37.92,42.339,37.141
0.68428,5.0774,4.1519,2.2066,3.0966,1.3532,1.5232,-0.65159
-0.044407,3.831,1.9578,-1.9115,4.2672,0.67558,3.3943,4.0638
-7.2579,-9.4404,-9.2931,-15.374,-12.198,-3.9346,-11.017,-11.111
-12.639,-0.027415,-2.8502,-7.4837,-6.4425,-5.9095,-8.8649,-7.8849
61.317,34.937,44.52,52.882,43.266,55.323,45.942,48.029
53.09,47.521,58.136,59.641,47.699,37.57,46.468,44.755
69.149,88.893,68.082,107.34,69.434,80.493,87.909,98.789
-20.369,-20.622,-18.6,-18.363,-23.404,-19.347,-20.752,-20.686
94.553,96.357,103,101.51,105.58,100.41,95.424,97.472
-14.168,-24.746,-14.561,-31.275,-20.474,-17.661,-20.679,-31.802
12.868,11.053,16.134,23.257,15.555,7.0182,13.091,16.974
10.442,13.306,8.5639,12.92,13.454,15.961,7.726,17.476
98.865,72.649,110.62,94.627,125.05,95.364,93.529,81.882
3.0725,-2.1703,-0.21456,-1.1008,1.8895,3.2687,1.4065,0.72406
22.235,31.749,24.64,31.038,26.666,23.134,35.326,27.542
54.135,59.976,53.173,76.94,67.997,60.896,65.3,58.915
44.546,57.894,49.402,61.713,56.38,42.857,49.173,45.425
44.828,50.168,51.899,55.933,67.407,74.444,62.317,49.233
-13.736,-26.481,-16.742,-18.756,-16.983,-17.628,-10.524,-21.324
107.26,80.743,86.345,104.5,105.25,93.327,101.66,91.294
50.579,59.851,67.566,44.194,53.51,62.288,42.317,44.796
-19.713,-16.356,-8.8007,-14.483,-28.83,-18.604,-19.122,-17.021
-11.675,-18.948,-15.59,-15.94,-16.278,-18.965,-20.778,-17.913
-19.803,-20.948,-16.914,-21.81,-21.493,-18.358,-20.341,-23.756
12.006,13.182,12.81,16.908,13.127,13.679,13.036,12.289
77.451,77.3,84.592,80.196,64.957,94.866,74.541,79.633
1.3978,4.9993,-1.2336,0.23154,-1.6553,2.455,1.4555,0.29148
-20.176,-22.161,-18.165,-15.071,-20.427,-14.813,-17.088,-21.832
11.005,8.5559,7.8822,10.201,9.5464,8.3664,10.83,11.335
-15.853,-14.965,-19.715,-20.044,-10.214,-16.937,-17.675,-13.421
-18.377,-17.469,-24.68,-16.018,-20.812,-14.279,-15.669,-18.349
31.837,35.175,42.334,43.732,42.854,33.617,33.073,38.63
-23.079,-22.512,-21.781,-18.126,-22.365,-23.75,-22.722,-21.847
14.873,5.3811,13.716,10.303,12.145,4.3133,7.899,14.569
43.143,53.115,52.224,56.498,58.688,38.977,52.732,55.476
-9.5209,-8.6067,-13.352,-8.7931,-7.832,-11.463,-10.014,-12.258
39.323,52.896,51.012,41.889,45.461,51.704,52.699,43.747
13.851,14.36,16.344,8.9855,20.292,12.247,9.2533,23.08
-25.123,-26.089,-29.16,-20.363,-15.803,-23.425,-26.185,-29.103
56.719,50.035,70.192,48.14,48.151,69.395,66.296,58.348
2.731,-0.8879,2.4635,-2.7335,-1.2724,3.833,1.8408,0.97523
11.119,14.695,8.324,11.414,14.453,9.2709,18.329,9.7797
12.353,12.35,11.266,12.395,15.195,9.222,10.94,15.023
-13.194,-11.072,-13.071,-10.158,-10.81,-10.6,-10.341,-14.685
9.0574,10.732,7.8937,11.234,8.3288,6.916,13.199,9.9044
-18.946,-19.577,-18.394,-23.327,-24.522,-18.208,-25.736,-24.046
-27.017,-17.229,-20.29,-21.496,-22.999,-18.032,-18.145,-22.642
-0.095269,2.3113,6.4428,6.5879,1.8768,1.4451,2.954,4.3754
4.4399,4.4016,1.6115,1.0837,1.6436,0.98662,-0.34133,2.7418
26.372,39.126,31.61,26.283,38.688,27.531,38.121,27.666
1.8981,-0.97425,5.4665,2.4814,4.2827,3.449,3.5443,8.7198
2.6121,-1.7932,3.0642,6.614,-0.19638,4.5343,2.141,1.0845
20.333,22.054,17.333,24.48,13.231,44.808,27.938,39.408
-21.299,-20.82,-25.364,-23.161,-23.678,-13.874,-18.672,-24.929
-4.4872,-6.4277,-4.8344,-5.7056,-4.8178,-0.40788,-7.6433,-5.2944
26.592,14.361,27.977,31.183,9.8611,34.707,19.636,33.361
9.6105,9.9298,16.519,15.196,13.745,15.236,11.69,7.5714
9.3568,13.934,13.18,8.3147,10.058,9.6313,0.70938,11.386
51.022,61.609,59.766,68.188,66.792,61.38,68.318,38.47
88.977,91.719,49.418,94.076,98.776,73.485,79.302,55.202
-18.493,-21.872,-20.394,-15.167,-21.379,-21.178,-18.983,-20.632
63.647,71.363,66.57,78.576,64.105,53.895,84.514,57.742
-13.371,-18.336,-15.192,-23.766,-25.722,-14.245,-17.155,-13.181
35.761,42.34,31.718,40.887,33.688,35.352,45.173,32.213
-15.96,-7.6213,-14.625,-19.515,-21.267,-13.919,-23.225,-12.43
42.5,42.177,51.944,52.313,38.443,51.62,42.576,54.589
-10.875,-12.504,-11.787,-11.809,-12.533,-11.584,-9.5919,-12.595
34.19,28.159,30.824,29.632,34.619,38.213,28.875,35.787
43.454,28.888,41.044,34.416,36.752,27.213,41.868,34.209
49.65,44.178,55.642,45.865,46.904,45.63,44.448,62.306
-26.236,-20.47,-28.221,-21.777,-28.758,-20.332,-16.543,-20.864
-18.666,-16.658,-22.592,-27.633,-25.722,-27.559,-23.085,-21.294
0.4409,1.8669,2.4805,0.24446,1.9495,2.6815,-1.5729,1.1248
9.2017,8.7927,8.7663,9.1652,10.74,9.7782,12.22,9.8936
0.7569,2.4596,1.6587,1.9393,2.7255,-1.0639,1.3632,3.3948
-8.0314,-9.9197,-11.458,-13.07,-14.202,-10.366,-11.811,-11.082
6.8552,2.8412,1.914,4.2815,-0.62828,6.8681,0.28306,1.3207
24.411,33.068,31.776,21.239,36.927,41.587,34.646,32.921
5.8019,2.7884,1.1337,-2.6952,3.1603,1.9663,3.8464,2.2814
13.335,10.915,10.402,8.8966,11.387,11.141,14.489,9.1496
-33.102,-31.399,-16.689,-20.222,-23.213,-24.732,-29.474,-24.571
37.647,37.925,31.872,36.459,37.18,37.009,37.211,37.71
-10.718,-10.924,-10.675,-12.659,-12.578,-10.453,-12.884,-12.686
31.807,39.044,33.792,34.633,41.421,37.646,33.476,33.847
71.467,101.96,57.129,100.92,76.355,74.549,96.35,70.278
-15.171,-13.665,-14.852,-30.982,-28.978,-19.804,-26.524,-27.056
33.691,36.309,42.122,44.205,31.486,36.16,34.85,39.418
38.443,40.365,42.037,32.061,31.546,32.806,37.104,36.111
55.227,79.795,76.378,76.881,81.092,92.101,64.173,60.754
6.8056,1.1881,7.2343,3.4623,2.4725,4.8529,4.5028,4.0625
108.28,87.396,100.65,96.576,98.176,90.166,99.884,103.39
-15.33,-14.598,-15.171,-15.382,-15.847,-13.425,-16.746,-13.745
64.583,80.332,94.455,52.629,67.013,80.705,60.561,33.233
79.347,89.732,99.08,64.835,76.402,71.737,102.69,85.589
-21.324,-19.069,-21.086,-23.265,-22.331,-17.695,-17.382,-20.82
-9.6424,-11.127,-9.7078,-10.276,-14.333,-10.996,-10.237,-9.5279
-7.0557,-4.925,-5.5509,0.3945,-2.0302,-4.1493,-3.9571,-3.9851
9.4866,10.762,10.18,13.3,6.295,7.7368,12.653,13.64
37.567,30.847,32.268,32.77,21.968,36.11,35.153,30.473
71.817,77.362,60.398,99.306,54.14,75.64,88.99,60.992
-13.701,-19.624,-23.361,-18.621,-26.207,-19.579,-16.792,-25.027
-2.8037,-3.0844,-3.7903,-4.0504,-7.541,-6.3435,-5.564,-4.5915
-3.5974,-4.6641,-4.6157,5.9561,-0.23387,-5.5646,-4.7237,-8.4821
11.573,9.085,6.5484,10.03,9.6263,9.6424,10.611,10.019
15.08,13.31,13.522,13.832,14.253,7.8999,10.96,10.916
-20.006,-18.193,-16.857,-17.136,-14.842,-9.3338,-16.996,-20.96
-21.192,-22.339,-22.516,-20.219,-22.273,-18.472,-20.867,-22.623
77.229,73.245,83.007,81.094,74.26,69.333,60.401,77.664
29.984,27.556,30.852,30.189,29.726,29.257,34.224,34.638
-18.294,-13.621,-12.586,-21.224,-13.092,-12.395,-14.499,-16.443
24.884,21.242,32.442,33.056,30.229,29.5,29.521,25.884
35.663,34.836,31.669,34.829,35.563,36.854,33.645,44.169
67.645,58.868,94.925,68.861,42.283,60.267,44.146,67.937
-8.6223,-9.3658,-6.4676,-9.4449,-9.3552,-5.4492,-3.1267,-11.133
-1.2304,1.1596,0.26409,-2.1429,3.9118,-0.095412,4.0943,-1.3752
39.89,37.995,40.016,35.857,33.699,37.413,36.498,41.834
-20.275,-19.952,-22.475,-18.439,-21.968,-23.006,-23.234,-21.833
7.0438,12.262,10.071,10.955,9.5706,10.435,8.6388,8.1668
49.092,39.54,48.671,52.143,47.147,58.754,42.447,57.216
-18.131,-23.481,-16.872,-20.961,-26.625,-22.656,-16.56,-27.633
3.4038,0.072336,2.7772,-2.655,0.59217,0.24083,-0.50485,3.2532
2.1195,0.26298,4.7633,0.95987,-3.2555,-0.54156,-0.26518,5.2401
-19.504,-20.292,-21.336,-19.756,-20.092,-19.638,-25.357,-21.311
-22.568,-20.275,-19.057,-20.08,-18.382,-21.83,-23.66,-24.697
9.117,16.501,14.006,8.1318,17.307,9.9719,14.667,8.2334
13.449,13.904,9.0638,12.962,12.439,10.582,15.364,13.539
-19.4,-22.446,-24.793,-22.1,-19.511,-25.359,-14.42,-26.4
-23.325,-17.646,-22.207,-16.328,-24.673,-30.111,-23.41,-15.269
70.1,82.94,108.57,94.034,99.455,84.013,75.345,90.683
-5.2614,-2.2937,-7.7403,-2.8471,-5.1356,-2.5556,-7.4944,-3.8558
40.928,37.272,37.701,34.305,41.074,37.088,43.724,38.371
98.208,97.324,99.921,95.973,99.465,90.259,94.057,88.387
34.397,25.359,17.247,36.457,28.923,20.603,26.368,42.263
4.8912,1.4017,-1.0295,2.5748,0.45414,-2.5328,-0.59647,0.47951
29.292,29.196,36.574,30.675,30.283,33.196,27.841,30.029
-9.892,-6.2292,-12.374,-13.864,-11.688,-4.6593,-10.153,-5.0167
73.036,78.833,67.18,99.261,73.298,73.238,74.194,96.264
-21.888,-22.548,-21.402,-19.979,-22.435,-22.677,-22.233,-22.9
73.834,74.254,79.413,73.07,47.351,76.042,69.591,74.77
-24.193,-22.559,-20.996,-20.02,-21.165,-19.291,-23.195,-23.878
-13.102,-11.997,-11.935,-12.057,-10.969,-9.219,-13.063,-13.163
11.13,13.614,7.6933,8.2922,10.871,8.4894,9.3758,12.812
-12.496,-10.093,-12.213,-9.2943,-11.972,-11.504,-8.8377,-12.703
76.343,82.479,89.601,84.291,57.245,71.497,62.847,86.398
9.6006,14.234,13.173,16.51,8.9372,13.71,13.351,8.1772
-28.771,-21.245,-23.577,-28.107,-9.0774,-31.017,-18.129,-17.633
-0.84958,1.4379,-0.54963,-0.938,0.82,-1.1886,1.0522,1.013
61.206,67.704,80.303,37.619,48.779,58.779,45.438,72.942
13.366,10.817,10.849,12.69,9.2587,14.448,12.983,9.3034
-14.472,-18.377,-14.353,-20.307,-15.977,-15.059,-21.716,-21.415
91.191,53.075,69.253,57.74,62.187,74.279,60.521,58.913
87.019,62.657,84.364,53.466,74.198,70.873,83.62,103.43
-7.1462,-13.39,-12.289,-12.675,-11.752,-6.5492,-11.945,-13.013
63.993,70.618,75.855,61.746,71.595,72.354,71.718,74.892
-14.02,-11.531,-10.557,-11.312,-10.033,-14.852,-10.687,-14.813
4.9002,1.0368,5.9097,2.1354,1.5819,2.3987,1.6749,-1.9608
74.018,86.11,57.122,93.092,78.446,105.34,69.583,95.052
56.217,79.305,77.585,56.369,53.688,77.639,88.865,75.06
91.886,94.779,69.88,91.64,99.214,57.87,100.85,81.366
34.728,34.789,29.801,35.675,31.877,33.411,30.896,28.424
13.71,3.8711,9.666,6.5748,9.1378,9.4547,9.6927,10.978
93.591,100.15,106.34,100.51,106.75,82.441,87.199,102.23
-0.33508,-0.87917,0.22321,1.0174,-0.44586,1.4958,4.1129,-0.072144
34.256,49.52,56.145,40.784,47.432,52.112,56.626,36.684
-22.687,-27.94,-20.359,-22.408,-21.736,-25.961,-18.914,-20.071
37.01,35.184,34.467,32.922,38.932,37.484,37.309,34.99
11.083,9.8107,13.73,4.5038,0.39551,17.096,15.877,12.442
41.345,41.927,40.333,40.185,41.262,36.804,37.863,40.953
69.887,65.062,80.584,73.716,63.357,90.478,79.544,77.293
-20.837,-12.529,-10.432,-16.334,-21.038,-18.502,-13.205,-11.987
27.187,29.34,27.052,29.334,31.397,32.936,31.234,31.067
32.363,40.385,33.468,35.155,38.63,35.596,45.953,33.532
-11.775,-9.2321,-10.8,-12.186,-10.118,-10.985,-10.65,-9.8192
7.2208,13.665,13.079,10.953,12.533,18.453,16.424,12.715
66.722,53.578,64.054,35.701,41.284,59.604,32.283,47.714
26.43,25.673,33.632,38.531,26.291,17.849,26.196,28.208
5.6271,1.184,1.966,4.8243,-3.9951,3.2835,2.0345,4.6656
8.9917,11.273,9.773,8.8695,10.425,11.681,12.001,8.6596
74.248,77.114,91.794,100.82,101.85,97.46,94.042,85.126
31.621,34.538,34.89,33.643,39.646,31.711,33.04,37.003
43.168,42.048,34.809,34.972,32.399,38.649,45.289,38.368
-25.979,-18.487,-21.526,-24.364,-19.832,-24.38,-22.8,-20.54
-0.50841,0.56549,0.34816,3.5353,-3.6396,1.0144,1.5716,5.7611
91.477,90.885,89.529,95.885,95.13,88.916,91.978,89.021
39.821,49.404,42.159,75.206,71.665,39.509,51.748,54.7
10.235,11.71,8.1076,7.5631,9.5849,9.7914,11.153,9.4961
-16.57,-14.396,-20.265,-21.477,-20.469,-18.244,-17.431,-11.812
9.7108,8.8297,9.588,11.595,9.5032,7.3068,9.8675,10.833
15.855,9.8709,11.244,13.913,8.3749,14.396,14.416,8.8546
98.995,74.672,81.729,82.474,85.769,85.59,89.214,46.763
102.02,80.872,54.744,104.22,67.88,77.408,94.975,75.463
2.3003,1.6814,2.9167,2.5565,3.4421,1.0256,-0.46965,3.5672
-0.57842,8.7248,2.0715,1.3621,5.6789,4.0014,-1.6518,1.7266
55.29,69.153,65.784,85.44,85.151,74.875,62.112,89.568
-10.218,-8.4187,-13.173,-11.127,-10.564,-10.053,-12.615,-12.639
84.389,52.995,52.466,46.978,54.562,75.416,77.68,70.365
25.504,35.763,30.41,26.282,21.809,25.26,23.047,18.904
-13.11,-12.458,-9.0381,-14.337,-10.876,-10.964,-10.79,-10.773
68.574,82.914,79.378,89.974,96.409,96.116,66.973,68.246
44.231,35.776,52.673,57.604,45.523,53.366,58.985,43.954
-13.166,-17.02,-16.702,-15.456,-13.099,-15.132,-15.01,-20.079
-23.892,-30.002,-28.839,-23.856,-31.812,-17.364,-29.295,-21.631
62.689,70.484,94.242,113.38,34.983,84.587,95.841,92.758
-29.493,-25.313,-22.862,-23.886,-21.674,-11.386,-17.995,-17.774
36.507,32.537,37.821,35.243,37.744,35.229,36.033,36.695
-15.846,-18.074,-21.592,-15.287,-15.924,-21.503,-18.278,-14.196
60.411,48.281,48.878,46.172,50.464,53.307,62.416,47.957
11.029,13.481,14.852,10.429,15.519,15.359,9.6094,13.153
13.059,9.9722,13.437,15.129,6.9134,12.737,6.6041,13.112
46.178,48.412,54.432,56.463,51.962,42.989,55.276,47.796
30.523,33.483,46.527,47.199,33.444,41.283,39.473,40.699
40.523,54.596,53.228,61.629,46.867,67.48,38.829,54.211
-9.0531,-4.183,-4.1641,0.81588,-3.8414,-1.9815,-4.1308,-6.0336
-21.087,-23.05,-17.202,-25.978,-22.356,-21.932,-24.118,-27.339
40.253,23.131,18.589,20.314,25.76,31.65,20.836,18.279
12.465,9.445,9.7917,14.19,16.072,13.648,12.135,12.55
-11.657,-12.043,-13.882,-8.6669,-14.452,-9.4728,-16.584,-7.8497
26.271,20.28,32.848,29.711,27.735,34.548,34.352,25.952
5.1217,6.5866,1.2567,5.7192,2.8839,2.6967,1.7423,5.3204
73.809,78.368,73.781,81.653,78.975,67.06,71.715,59.045
104.09,85.851,97.371,105.01,103.14,98.333,104.69,95.985
99.372,87.523,109.18,94.628,90.917,91.881,94.084,100.43
-23.308,-20.205,-22.589,-25.502,-20.019,-19.647,-19.255,-19.791
-2.7106,-3.2555,1.1332,-5.5603,-7.6326,-5.4114,-4.3627,-3.6115
9.0702,9.242,8.0462,8.968,8.1671,10.513,10.146,9.9519
-17.769,-30.879,-21.643,-20.248,-21.42,-23.846,-20.502,-19.496
32.075,36.489,29.807,25.279,33.663,30.545,39.211,28.173
36.311,35.429,37.996,34.37,43.439,34.735,37.887,28.346
22.803,32.757,30.749,21.829,42.339,27.189,25.75,34.201
32.313,32.056,38.697,27.357,31.408,39.328,30.792,34.647
-5.6881,-0.65932,-7.586,0.064444,-4.7314,-4.0706,-7.0241,0.18012
45.901,27.52,24.965,44.572,19.398,35.463,20.347,23.467
-13.66,-7.1091,-10.535,-7.7352,-8.8759,-11.736,-13.724,-8.0847
36.705,27.946,28.585,38.55,33.821,33.429,34.75,35.898
12.979,15.323,7.4516,9.6098,10.594,10.333,12.397,11.143
43.003,36.476,34.635,36.843,43.06,43.039,28.886,37.84
-20.375,-19.332,-12.79,-25.024,-37.066,-12.212,-19.953,-28.383
-11.266,-14.216,-12.936,-9.8511,-13.389,-11.386,-12.396,-12.685
41.344,34.362,29.066,32.526,39.828,45.789,36.702,33.98
55.22,67.427,58.691,53.351,51.222,59.123,50.949,51.213
14.063,5.9786,7.9379,14.1,10.28,14.437,10.029,7.5227
-19.415,-25.458,-17.009,-22.294,-22.38,-21.739,-20.231,-21.403
-30.409,-25.658,-27.202,-16.04,-13.955,-28.285,-22.737,-26.656
11.433,9.3824,9.4116,10.448,10.329,6.7887,9.8242,11.478
-14.824,-12.889,-14.283,-23.455,-22.243,-20.643,-22.874,-30.031
3.2228,2.9971,4.4266,2.3473,-1.8097,3.3193,3.2471,4.4523
55,75.596,65.496,62.682,64.865,48.949,53.621,52.746
-23.25,-24.422,-21.59,-26.668,-20.85,-20.221,-25.142,-24.768
-4.9796,-8.0801,-5.8571,-3.8644,1.9075,-0.13212,-1.9625,-6.5711
10.349,10.737,9.6501,9.1851,9.3298,9.6604,8.6433,8.3104
37.773,36.947,35.589,37.317,37.056,40.921,32.554,39.891
30.219,30.157,31.132,32.708,28.068,31.596,35.996,38.887
-17.379,-18.997,-16.074,-14.72,-16.752,-12.061,-16.645,-19.931
-18.766,-20.607,-21.666,-19.753,-17.413,-18.922,-16.776,-15.072
41.394,39.836,41.243,41.437,43.681,40.501,39.271,38.165
77.011,65.57,82.821,74.221,94.374,126.99,63,62.543
13.777,7.093,10.494,13.816,14.826,9.6928,17.263,14.888
36.974,35.216,54.371,34.925,42.826,44.123,56.47,41.619
35.571,34.303,28.291,33.789,34.074,41.801,40.35,38.267
-6.3358,-5.2874,-5.7977,-9.4281,-7.5426,-4.2224,-4.6539,-9.6263
7.1527,8.5727,11.676,4.9505,9.1181,10.77,10.517,14.834
45.011,58.07,35.395,55.129,49.458,38.559,54.379,55.684
-20.749,-26.1,-23.854,-25.743,-24.481,-19.327,-28.342,-29.886
49.14,47.754,40.908,44.472,51.593,36.946,56.125,48.716
-10.695,-10.535,-8.7392,-5.9225,-1.6545,-10.541,-13.183,-17.827
8.605,12.183,10.547,9.0557,10.695,14.051,16.411,9.9254
-25.095,-32.138,-19.99,-20.305,-19.82,-28.926,-18.776,-31.603
73.319,102.32,98.591,96.304,81.2,95.645,88.715,89.377
36.412,33.74,39.249,38.936,35.825,36.862,42.711,34.347
2.9235,2.8305,1.5047,2.3134,-0.32308,0.27107,0.19652,2.0725
21.694,26.357,35.447,35.771,30.806,34.939,28.703,33.905
4.6621,1.9439,-1.0455,-1.9552,1.3261,1.1456,2.0448,-0.78871
-9.6376,-9.7782,-12.544,-12.527,-12.352,-12.616,-5.8121,-10.31
-15.054,-13.991,-14.893,-19.493,-20.31,-16.196,-16.069,-17.612
35.213,36.491,38.232,35.839,38.573,37.208,38.816,33.601
-14.797,-13.744,-7.2247,-15.763,-10.905,-10.837,-11.911,-9.7019
11.558,19.177,16.477,12.668,12.197,13.898,7.6756,8.8676
19.636,12.689,15.038,13.031,12.01,13.019,15.51,12.7
30.608,27.147,25.584,33.725,24.334,23.684,36.358,36.016
-19.057,-25.755,-20.088,-18.841,-23.508,-24.739,-22.519,-17.522
50.41,56.019,50.549,40.431,53.047,57.836,32.878,50.393
2.9772,7.9241,7.17,0.67899,0.76695,3.8597,-2.627,2.3005
3.4598,3.6121,1.1238,-1.2687,2.5024,5.272,-0.87397,4.673
1.4916,-1.8925,1.4244,3.4434,0.78348,1.4401,-0.5388,-0.95816
99.22,76.271,90.677,95.264,97.552,97.589,98.422,107.54
70.368,66.008,59.335,82.801,70.131,58.697,82.825,65.132
16.255,17.197,17.231,11.523,9.5743,16.99,13.908,16.427
30.948,45.054,35.643,41.057,33.983,31.894,38.104,30.803
73.793,64.691,82.6,76.32,103.83,100.9,81.129,76.912
100.45,95.39,92.707,102.97,80.157,90.397,112,98.074
-19.123,-15.722,-27.65,-27.869,-21.068,-19.59,-18.093,-25.072
-23.718,-22.789,-22.783,-18.749,-18.306,-19.545,-19.019,-20.997
-23.515,-24.264,-24.856,-21.978,-19.409,-21.227,-17.303,-33.109
-7.8993,-4.1099,-4.3107,-3.68,-4.0926,-4.505,1.6007,-0.23077
-11.342,-9.8149,-10.928,-10.721,-12.042,-10.582,-10.911,-12.159
2.5633,3.0037,3.8963,-0.91431,2.9302,1.0582,-2.2387,1.7337
36.204,30.855,24.501,35.977,39.18,33.622,33.441,36.084
66.414,54,55.133,74.012,50.224,58.455,71.06,56.668
37.971,35.537,37.847,39.338,36.091,35.794,35.738,30.184
-18.648,-18.731,-25.361,-19.816,-18.435,-21.473,-21.237,-24.653
-22.553,-19.9,-22.048,-22.313,-22.301,-21.106,-21.056,-22.256
-21.106,-26.939,-19.009,-14.742,-29.027,-21.465,-28.024,-22.83
12.003,13.1,13.418,15.168,8.6406,14.778,9.5025,8.4736
13.405,14.384,12.946,13.402,10.341,10.954,15.455,9.8399
-13.966,-24.036,-15.028,-20.946,-31.73,-23.466,-25.228,-16.485
1.6342,-0.84146,1.599,0.058945,1.8157,1.1245,1.0283,-0.69608
10.216,9.4447,12.871,11.613,10.288,10.02,9.827,11.26
85.652,88.301,89.904,78.549,74.145,78.701,95.314,68.811
-2.4805,3.2403,3.0891,2.8784,3.7402,2.2529,-2.1883,0.34447
72.41,81.966,89.27,72.961,82.154,97.916,74.427,83.332
-13.656,-17.746,-14.737,-24.002,-18.713,-17.615,-15.965,-18.46
-27.654,-22.813,-9.2353,-37.647,-25.657,-13.463,-16.153,-18.61
-14.26,-19.183,-18.981,-19.283,-18.817,-21.146,-21.621,-24.688
-6.3416,-8.127,-15.271,-4.7111,-9.4834,-7.2424,-12.705,-11.516
20.339,31.268,29.663,34.537,30.698,31.392,34.394,21.73
-5.6115,-6.2766,0.054942,-6.8864,-2.3024,-6.3726,-6.4647,-2.463
35.478,33.468,33.18,31.465,28.323,33.732,34.961,32.017
-22.627,-25.712,-21.321,-27.4,-12.26,-22.804,-24.291,-25.294
2.0904,1.4936,-1.2459,-0.43238,1.0353,0.69959,-0.2796,4.6044
-2.2235,-9.6096,-4.0239,-9.8773,-3.8045,-2.7957,-2.7934,-0.79743
-14.408,-12.148,-10.233,-11.726,-10.217,-11.947,-8.9308,-10.739
88.441,83.239,70.31,70.51,116.45,72.466,82.481,68.405
8.4508,8.6438,16.572,14.038,16.17,14.749,10.303,11.243
7.0974,-0.75613,-0.52939,6.0007,2.2496,2.3446,2.9925,5.4303
0.3869,4.1596,6.2761,0.091548,2.9043,3.8553,5.0041,1.673
36.271,29.073,21.328,29.953,32.774,32.202,34.895,26.753
2.4865,5.5126,0.59045,6.6985,2.5224,2.1521,1.8893,3.1572
